file,person,phrase,mfcc_mean,mfcc_std,rolloff_mean,rolloff_std,energy_mean,energy_std
Celine_Confirm_transaction.wav,Celine,confirm_transaction,-25.631062,147.47551,3503.563023012552,4019.3305261732494,0.019360298,0.02282095
Celine_Yes__approve.wav,Celine,yes_approve,-27.543978,153.23848,4313.871951219512,4198.890405769477,0.014223434,0.024003455
David_Yes__approve__mp3.wav,David,yes_approve,-46.620495,201.3008,10596.126529720279,5535.013536372921,0.0029323138,0.0053181616
David_confirm_transaction_mp3.wav,David,confirm_transaction,-38.93228,179.26736,7773.4375,5688.420354263817,0.005382742,0.0065744547
confirm_hamse_mp3.wav,Hamse,confirm_transaction,-17.056013,143.84575,3026.7322284345046,2645.5184844635924,0.012137907,0.008846953
yes_hamse_mp3.wav,Hamse,yes_approve,-17.21197,138.95822,4062.1022727272725,3161.509221177668,0.016112192,0.016387466
