model,accuracy,f1_score,loss
Facial Recognition,0.9230769230769231,0.9242979242979243,0.20388041931954437
Voiceprint Verification,1.0,1.0,0.4907743161594083
Product Recommendation,0.3148148148148148,0.3032517295417192,1.5275508321564626
